"","Publish Date","Page Name","Status","Language                                                             Status","Detail & Translation","Action"
"","10/01/2023 15:59","Katalon Test V1 Final","Draft","ENGLISH","",""
"","04/01/2023 13:49","dsagvash","Draft","ENGLISH","",""
"","06/07/2022 23:25","Test CS","DraftNew Revision","ENGLISH","",""
"","24/11/2022 18:09","Mount Elizabeth Fertility Centre","Published","ENGLISH","",""
"","06/07/2022 23:25","Test CS","Published","ENGLISH INDONESIAN","",""
"","24/11/2022 18:09","Mount Elizabeth Proton Therapy Centre","Published","ENGLISH","",""
"","25/11/2022 20:09","Nutrition & dietetics","Published","ENGLISH","",""
"","23/09/2022 23:05","Parkway Emergency Ambulance & Medical Transport","Published","ENGLISH","",""
"","15/09/2022 18:43","Laboratory Testing","Published","ENGLISH","",""
"","15/08/2022 19:44","Audiology Clinic","Published","ENGLISH","",""
"","25/11/2022 19:55","Rehabilitation","Published","ENGLISH","",""
"","23/09/2022 19:30","Health Screening","Published","ENGLISH","",""
"","23/09/2022 19:30","Accident & Emergency","Published","ENGLISH","",""
"","20/06/2022 21:35","Parkway East Paediatric Clinic","Published","ENGLISH","",""
"","24/11/2022 00:30","Parkway Cancer Centre","Published","ENGLISH","",""
"","24/11/2022 18:19","Radiology & Imaging","Published","ENGLISH","",""
"","08/01/2023 01:36","Katalon Test V1","PublishedPending Translation","ENGLISH CHINESE INDONESIAN VIETNAMESE","",""